sequence_ID,MCF7
MCF7-WT-1-DT28,0.045201864853444
MCF7-WT-2-DT28,0.04444694505327055
