sequence_ID,HT29
HT29-Baseline,0.021589393257248898
HT29-D1,0.06332568479111239
HT29-D2,0.05939830171703986
