sequence_ID,MDAMB231
MDA-MB-231-Baseline,0.049078349463912124
MDA-MB-231-Vehicle-1,0.6620960510590853
MDA-MB-231-Vehicle-2,0.4844638488613371
