sequence_ID,U2OS
U2OS-Baseline,0.0154395710243269
U2OS-Vehicle-1,0.07146498153742091
U2OS-Vehicle-2,0.07004151782344877
U2OS-Vehicle-3,0.07024884330941879
